filename,emp_id
face_1061.jpg,emp011
face_1187.jpg,emp035
face_0646.jpg,emp002
face_0092.jpg,emp014
face_1591.jpg,emp020
face_1662.jpg,emp018
face_0512.jpg,emp001
face_1130.jpg,emp011
face_0861.jpg,emp015
face_0682.jpg,emp002
face_1052.jpg,emp035
face_1364.jpg,emp021
face_0609.jpg,emp014
face_0877.jpg,emp009
face_1404.jpg,emp031
face_1071.jpg,emp020
face_1239.jpg,emp010
face_0357.jpg,emp018
face_0198.jpg,emp021
face_0203.jpg,emp014
face_1383.jpg,emp010
face_1124.jpg,emp011
face_0188.jpg,emp010
face_0109.jpg,emp002
face_0150.jpg,emp002
face_1737.jpg,emp018
face_1444.jpg,emp020
face_0752.jpg,emp016
face_0392.jpg,emp016
face_1398.jpg,emp031
face_0088.jpg,emp021
face_0761.jpg,emp015
face_1514.jpg,emp002
face_0489.jpg,emp014
face_0419.jpg,emp002
face_0538.jpg,emp014
face_0135.jpg,emp014
face_0331.jpg,emp014
face_1730.jpg,emp011
face_1040.jpg,emp031
face_0741.jpg,emp002
face_1043.jpg,emp005
face_0263.jpg,emp018
face_0720.jpg,emp020
face_0207.jpg,emp016
face_1372.jpg,emp031
face_0726.jpg,emp002
face_0099.jpg,emp014
face_0656.jpg,emp025
face_1529.jpg,emp025
face_0686.jpg,emp012
face_1578.jpg,emp031
face_0566.jpg,emp001
face_0305.jpg,emp016
face_1728.jpg,emp020
face_0997.jpg,emp020
face_1454.jpg,emp031
face_1083.jpg,emp011
face_0005.jpg,emp014
face_0242.jpg,emp022
face_0806.jpg,emp014
face_1815.jpg,emp001
face_1192.jpg,emp020
face_0035.jpg,emp001
face_0316.jpg,emp001
face_1602.jpg,emp010
face_1744.jpg,emp020
face_1029.jpg,emp011
face_1334.jpg,emp015
face_0152.jpg,emp035
face_1605.jpg,emp025
face_0220.jpg,emp001
face_0170.jpg,emp035
face_0791.jpg,emp018
face_1766.jpg,emp009
face_0015.jpg,emp014
face_0972.jpg,emp019
face_1175.jpg,emp020
face_0730.jpg,emp007
face_1543.jpg,emp009
face_0270.jpg,emp002
face_1065.jpg,emp010
face_0396.jpg,emp014
face_0805.jpg,emp022
face_0884.jpg,emp011
face_1296.jpg,emp015
face_1706.jpg,emp002
face_0802.jpg,emp018
face_0881.jpg,emp019
face_1585.jpg,UNKNOWN
face_1046.jpg,emp020
face_0743.jpg,emp020
face_1137.jpg,emp020
face_1116.jpg,emp006
face_0123.jpg,emp010
face_1140.jpg,emp006
face_1769.jpg,emp009
face_1679.jpg,emp012
face_0160.jpg,emp014
face_1236.jpg,emp018
face_1707.jpg,emp003
face_0798.jpg,emp021
face_0456.jpg,emp010
face_1412.jpg,emp013
face_1460.jpg,emp025
face_1099.jpg,emp020
face_1647.jpg,emp020
face_0688.jpg,emp002
face_1708.jpg,emp002
face_0739.jpg,emp015
face_0657.jpg,emp010
face_0518.jpg,emp022
face_0094.jpg,emp002
face_0851.jpg,emp002
face_0764.jpg,emp015
face_1379.jpg,emp015
face_1586.jpg,UNKNOWN
face_0444.jpg,emp001
face_1276.jpg,emp025
face_0588.jpg,emp014
face_0955.jpg,emp010
face_0289.jpg,emp022
face_1722.jpg,emp012
face_1268.jpg,emp007
face_1496.jpg,emp020
face_1167.jpg,emp035
face_1196.jpg,emp020
face_0575.jpg,emp014
face_1481.jpg,emp031
face_0636.jpg,emp016
face_0117.jpg,emp001
face_1154.jpg,emp020
face_1208.jpg,emp020
face_0296.jpg,emp002
face_0318.jpg,emp019
face_1628.jpg,emp016
face_0246.jpg,emp020
face_1590.jpg,UNKNOWN
face_1416.jpg,emp022
face_0684.jpg,emp009
face_1759.jpg,emp018
face_0541.jpg,emp027
face_1216.jpg,emp011
face_0952.jpg,emp010
face_1060.jpg,emp020
face_0841.jpg,emp022
face_1463.jpg,emp025
face_0748.jpg,emp001
face_1686.jpg,emp035
face_1786.jpg,emp035
face_0379.jpg,emp014
face_0455.jpg,emp010
face_0864.jpg,emp018
face_0467.jpg,emp002
face_0269.jpg,emp019
face_0648.jpg,emp023
face_0878.jpg,emp014
face_1397.jpg,emp031
face_1354.jpg,emp009
face_1307.jpg,emp031
face_1682.jpg,emp002
face_0442.jpg,emp002
face_1633.jpg,emp002
face_1438.jpg,emp015
face_1016.jpg,emp006
face_0936.jpg,emp022
face_1314.jpg,emp022
face_1501.jpg,UNKNOWN
face_0801.jpg,emp019
face_1768.jpg,emp007
face_0663.jpg,emp019
face_1039.jpg,emp011
face_0038.jpg,emp001
face_0780.jpg,emp021
face_0120.jpg,emp001
face_1787.jpg,emp007
face_0398.jpg,emp018
face_0284.jpg,emp021
face_0418.jpg,emp016
face_0643.jpg,emp001
face_1003.jpg,emp020
face_0690.jpg,emp002
face_1535.jpg,emp021
face_1812.jpg,emp010
face_1378.jpg,emp015
face_0158.jpg,emp005
face_0201.jpg,emp027
face_0217.jpg,emp014
face_0153.jpg,emp001
face_1020.jpg,emp010
face_1702.jpg,emp010
face_1409.jpg,emp031
face_1360.jpg,emp031
face_0685.jpg,emp020
face_1267.jpg,emp012
face_1630.jpg,emp001
face_1220.jpg,emp035
face_0280.jpg,emp016
face_0981.jpg,emp020
face_0836.jpg,emp015
face_0208.jpg,emp014
face_1391.jpg,emp009
face_1012.jpg,emp030
face_0563.jpg,emp014
face_1219.jpg,emp035
face_1642.jpg,UNKNOWN
face_1142.jpg,emp006
face_0885.jpg,emp001
face_1087.jpg,emp020
face_0047.jpg,emp002
face_0879.jpg,emp015
face_0767.jpg,emp015
face_1214.jpg,UNKNOWN
face_1654.jpg,emp022
face_1446.jpg,emp020
face_0774.jpg,emp015
face_0565.jpg,emp035
face_0605.jpg,emp002
face_0921.jpg,emp011
face_1184.jpg,emp014
face_0516.jpg,emp002
face_1370.jpg,emp025
face_0400.jpg,emp016
face_1562.jpg,emp009
face_1120.jpg,emp011
face_0854.jpg,emp022
face_0113.jpg,emp001
face_0264.jpg,emp016
face_1509.jpg,emp015
face_1674.jpg,emp031
face_1399.jpg,emp031
face_0190.jpg,emp010
face_1204.jpg,emp020
face_1251.jpg,emp015
face_1295.jpg,emp022
face_0838.jpg,emp015
face_0649.jpg,emp011
face_0930.jpg,emp016
face_0090.jpg,emp019
face_0115.jpg,emp019
face_1185.jpg,emp006
face_0490.jpg,emp014
face_0795.jpg,emp018
face_0341.jpg,emp015
face_0654.jpg,emp002
face_0023.jpg,emp002
face_1670.jpg,emp022
face_1072.jpg,emp020
face_1389.jpg,emp025
face_1131.jpg,emp020
face_0735.jpg,emp013
face_0913.jpg,emp020
face_1309.jpg,emp031
face_1802.jpg,emp023
face_0321.jpg,emp018
face_1045.jpg,emp002
face_0872.jpg,emp001
face_0388.jpg,emp019
face_1639.jpg,emp019
face_1168.jpg,emp020
face_1366.jpg,emp021
face_1559.jpg,emp031
face_1723.jpg,emp011
face_0633.jpg,emp018
face_0659.jpg,emp021
face_1421.jpg,emp014
face_0192.jpg,emp020
face_1692.jpg,emp020
face_0790.jpg,emp022
face_0978.jpg,emp002
face_1625.jpg,emp020
face_0873.jpg,emp002
face_0628.jpg,emp016
face_1322.jpg,emp009
face_1445.jpg,emp025
face_0593.jpg,emp002
face_1807.jpg,emp010
face_0230.jpg,emp019
face_0946.jpg,emp011
face_1780.jpg,emp010
face_1732.jpg,emp011
face_1026.jpg,emp011
face_1571.jpg,UNKNOWN
face_0641.jpg,emp016
face_0104.jpg,emp014
face_0231.jpg,emp014
face_1608.jpg,emp019
face_1195.jpg,emp010
face_1579.jpg,UNKNOWN
face_0710.jpg,emp035
face_0956.jpg,emp009
face_1427.jpg,emp025
face_0914.jpg,emp006
face_0792.jpg,emp021
face_0832.jpg,emp021
face_1355.jpg,emp015
face_1765.jpg,emp031
face_1411.jpg,emp014
face_1667.jpg,emp012
face_0471.jpg,emp011
face_1077.jpg,emp011
face_0253.jpg,emp016
face_0718.jpg,emp018
face_1727.jpg,emp023
face_1298.jpg,emp021
face_1497.jpg,emp020
face_0076.jpg,emp016
face_1791.jpg,emp015
face_0687.jpg,emp001
face_0339.jpg,emp015
face_1483.jpg,emp020
face_1312.jpg,emp022
face_0849.jpg,emp015
face_1066.jpg,emp011
face_0587.jpg,emp016
face_0022.jpg,emp014
face_1800.jpg,emp004
face_1485.jpg,emp020
face_1480.jpg,emp010
face_1292.jpg,emp009
face_0733.jpg,emp015
face_1283.jpg,emp021
face_1668.jpg,emp012
face_1213.jpg,emp006
face_0903.jpg,emp015
face_1533.jpg,emp022
face_0017.jpg,emp015
face_0413.jpg,emp016
face_0831.jpg,emp025
face_1148.jpg,emp011
face_1641.jpg,emp001
face_0009.jpg,emp014
face_1153.jpg,emp020
face_1599.jpg,emp021
face_1486.jpg,emp025
face_1252.jpg,emp015
face_0474.jpg,emp014
face_1663.jpg,emp005
face_0703.jpg,emp022
face_1242.jpg,emp023
face_1656.jpg,emp001
face_0816.jpg,emp026
face_1128.jpg,emp020
face_0634.jpg,emp021
face_1657.jpg,emp010
face_0658.jpg,emp034
face_0041.jpg,emp016
face_1773.jpg,emp035
face_1225.jpg,emp020
face_0660.jpg,emp019
face_0564.jpg,emp019
face_1613.jpg,emp011
face_1500.jpg,emp020
face_1067.jpg,emp006
face_1401.jpg,emp010
face_0370.jpg,emp016
face_0961.jpg,emp010
face_0147.jpg,emp014
face_0898.jpg,emp012
face_0336.jpg,emp015
face_0700.jpg,emp016
face_1093.jpg,emp006
face_1581.jpg,UNKNOWN
face_0054.jpg,emp021
face_0497.jpg,emp016
face_0346.jpg,emp001
face_0976.jpg,emp015
face_0769.jpg,emp002
face_0191.jpg,emp011
face_0128.jpg,emp019
face_0892.jpg,emp012
face_0973.jpg,emp010
face_1440.jpg,emp010
face_0948.jpg,emp018
face_1593.jpg,emp031
face_0493.jpg,emp020
face_0929.jpg,emp034
face_0776.jpg,emp009
face_0162.jpg,emp014
face_0551.jpg,emp019
face_1798.jpg,emp020
face_1018.jpg,emp031
face_0500.jpg,emp016
face_1610.jpg,emp002
face_1063.jpg,emp035
face_0624.jpg,emp016
face_1534.jpg,emp022
face_0996.jpg,emp006
face_0051.jpg,emp014
face_1033.jpg,emp020
face_1717.jpg,emp023
face_0509.jpg,emp016
face_1144.jpg,emp011
face_0522.jpg,emp016
face_1110.jpg,emp006
face_1078.jpg,emp006
face_1022.jpg,emp022
face_0386.jpg,emp001
face_1127.jpg,emp002
face_0822.jpg,emp018
face_1247.jpg,emp023
face_0510.jpg,emp016
face_1049.jpg,emp020
face_1736.jpg,emp006
face_0020.jpg,emp016
face_1313.jpg,emp009
face_1510.jpg,emp025
face_0154.jpg,emp016
face_0206.jpg,emp019
face_0144.jpg,emp016
face_0834.jpg,emp015
face_0408.jpg,emp019
face_0265.jpg,emp002
face_0177.jpg,emp010
face_1429.jpg,UNKNOWN
face_1311.jpg,emp031
face_0954.jpg,emp011
face_1280.jpg,emp013
face_0247.jpg,emp010
face_0729.jpg,emp002
face_1017.jpg,emp006
face_1151.jpg,emp020
face_0151.jpg,emp001
face_0759.jpg,emp019
face_0488.jpg,emp014
face_0852.jpg,emp009
face_0021.jpg,emp018
face_1015.jpg,emp020
face_1096.jpg,emp035
face_1149.jpg,emp011
face_0473.jpg,emp018
face_0958.jpg,emp019
face_1105.jpg,emp011
face_1487.jpg,emp020
face_1265.jpg,emp007
face_0258.jpg,emp002
face_1181.jpg,emp011
face_0002.jpg,emp019
face_0691.jpg,emp018
face_1515.jpg,emp009
face_1704.jpg,emp002
face_1714.jpg,emp002
face_0896.jpg,emp018
face_1257.jpg,emp007
face_1516.jpg,emp031
face_1156.jpg,emp020
face_1278.jpg,emp015
face_0485.jpg,emp013
face_0557.jpg,emp004
face_1057.jpg,emp011
face_0664.jpg,emp013
face_1452.jpg,emp009
face_0460.jpg,emp028
face_0235.jpg,emp011
face_0511.jpg,emp002
face_1643.jpg,emp020
face_1558.jpg,emp020
face_0226.jpg,emp016
face_1271.jpg,emp018
face_0857.jpg,emp009
face_0704.jpg,emp013
face_1598.jpg,emp015
face_0065.jpg,emp001
face_1338.jpg,emp018
face_1482.jpg,emp020
face_0096.jpg,emp013
face_0302.jpg,emp018
face_0897.jpg,emp022
face_0960.jpg,emp004
face_1202.jpg,emp006
face_0131.jpg,emp002
face_1328.jpg,emp010
face_1525.jpg,emp009
face_0642.jpg,emp002
face_1013.jpg,emp035
face_0457.jpg,emp018
face_0181.jpg,emp013
face_1747.jpg,emp018
face_0122.jpg,emp014
face_1799.jpg,emp018
face_1580.jpg,emp020
face_0438.jpg,emp016
face_1410.jpg,emp021
face_1784.jpg,emp018
face_0867.jpg,emp025
face_1172.jpg,emp035
face_0470.jpg,emp009
face_1672.jpg,emp012
face_1098.jpg,emp011
face_0640.jpg,emp001
face_1555.jpg,emp015
face_1070.jpg,emp011
face_0279.jpg,emp019
face_1688.jpg,emp020
face_1226.jpg,emp011
face_1082.jpg,emp006
face_0785.jpg,emp011
face_1783.jpg,emp010
face_0570.jpg,emp002
face_0777.jpg,emp002
face_1517.jpg,emp031
face_0155.jpg,emp002
face_0992.jpg,emp031
face_0161.jpg,emp002
face_0294.jpg,emp001
face_1258.jpg,emp018
face_0928.jpg,emp031
face_1244.jpg,emp023
face_1813.jpg,emp019
face_1493.jpg,emp020
face_0012.jpg,emp014
face_1439.jpg,emp022
face_0036.jpg,emp014
face_0513.jpg,emp001
face_0891.jpg,emp011
face_1021.jpg,emp011
face_0676.jpg,emp009
face_0218.jpg,emp001
face_1712.jpg,emp018
face_1479.jpg,emp020
face_1709.jpg,emp015
face_0617.jpg,emp014
face_1760.jpg,emp009
face_0521.jpg,emp002
face_0397.jpg,emp018
face_0912.jpg,emp022
face_0027.jpg,emp016
face_1301.jpg,emp025
face_1373.jpg,emp015
face_0385.jpg,emp019
face_0393.jpg,emp016
face_1155.jpg,emp011
face_1336.jpg,emp025
face_0957.jpg,emp031
face_1350.jpg,emp009
face_1159.jpg,emp010
face_0796.jpg,emp001
face_0560.jpg,emp017
face_0751.jpg,emp002
face_1417.jpg,emp022
face_0062.jpg,emp001
face_0029.jpg,emp016
face_0828.jpg,emp022
face_0401.jpg,emp013
face_0750.jpg,emp002
face_0770.jpg,emp018
face_1568.jpg,emp031
face_0569.jpg,emp011
face_1255.jpg,emp023
face_1665.jpg,emp003
face_0380.jpg,emp030
face_1431.jpg,emp031
face_0464.jpg,emp010
face_0749.jpg,emp003
face_1200.jpg,emp014
face_1587.jpg,emp031
face_1368.jpg,emp009
face_0037.jpg,emp015
face_1734.jpg,emp010
face_0613.jpg,emp006
face_0982.jpg,emp020
face_0525.jpg,emp010
face_1705.jpg,emp020
face_1073.jpg,emp020
face_0697.jpg,emp007
face_0499.jpg,emp001
face_0338.jpg,emp019
face_0202.jpg,emp001
face_0607.jpg,emp031
face_1123.jpg,emp022
face_1261.jpg,emp015
face_1136.jpg,emp011
face_0754.jpg,emp006
face_0547.jpg,emp014
face_0167.jpg,emp002
face_0453.jpg,emp001
face_1646.jpg,emp010
face_0285.jpg,emp018
face_0578.jpg,emp019
face_0277.jpg,emp019
face_1414.jpg,emp011
face_1333.jpg,emp015
face_0601.jpg,emp018
face_1009.jpg,emp020
face_0823.jpg,emp025
face_0993.jpg,emp011
face_1157.jpg,emp011
face_1632.jpg,emp016
face_0962.jpg,emp020
face_1343.jpg,emp015
face_0727.jpg,emp002
face_0596.jpg,emp016
face_1725.jpg,emp023
face_1523.jpg,emp025
face_0254.jpg,emp011
face_1592.jpg,emp001
face_1553.jpg,emp009
face_0871.jpg,emp025
face_0407.jpg,emp021
face_0626.jpg,emp019
face_0699.jpg,emp001
face_1435.jpg,emp020
face_0762.jpg,emp002
face_0403.jpg,emp001
face_1771.jpg,emp019
face_0477.jpg,emp020
face_0445.jpg,emp001
face_0647.jpg,emp016
face_0492.jpg,emp010
face_0475.jpg,emp022
face_1004.jpg,emp020
face_1521.jpg,emp009
face_0970.jpg,emp007
face_1347.jpg,emp015
face_0581.jpg,emp002
face_0402.jpg,emp016
face_0920.jpg,emp034
face_0018.jpg,emp001
face_0855.jpg,emp018
face_1519.jpg,emp031
face_0432.jpg,emp002
face_0404.jpg,emp016
face_0344.jpg,emp018
face_0314.jpg,emp014
face_1100.jpg,UNKNOWN
face_0187.jpg,emp010
face_0014.jpg,emp002
face_1774.jpg,emp009
face_1546.jpg,emp015
face_0503.jpg,emp035
face_0826.jpg,emp022
face_1530.jpg,emp006
face_0935.jpg,emp031
face_1163.jpg,emp025
face_1228.jpg,emp010
face_1249.jpg,emp007
